mu,ber
0.85,1.05
0.855,1.15
0.86,1.1
0.865,1.125
0.87,1.125
0.875,1.15
0.88,1.15
0.885,1.15
0.89,1.15
0.895,1.15
0.9,1.2
0.905,1.1
0.91,1.3
0.915,1.325
0.9199999999999999,1.45
0.925,1.45
0.9299999999999999,1.5
0.935,1.4
0.94,1.3
0.945,1.325
0.95,1.25
0.955,1.35
0.96,1.375
0.965,1.6
0.97,1.75
0.975,1.95
0.98,2.1
0.985,2.475
0.99,2.875
0.995,3.525
